{
  "api/areas/hospital" : {
    "transaction" : "api/areas/hospital",
    "sampleCount" : 58,
    "errorCount" : 0,
    "errorPct" : 0.0,
    "meanResTime" : 1086.8620689655174,
    "medianResTime" : 932.5,
    "minResTime" : 421.0,
    "maxResTime" : 2699.0,
    "pct1ResTime" : 1756.1000000000001,
    "pct2ResTime" : 2422.5999999999995,
    "pct3ResTime" : 2699.0,
    "throughput" : 1.1579851059157067,
    "receivedKBytesPerSec" : 203.3192323482141,
    "sentKBytesPerSec" : 0.774628708547128
  },
  "api/areas/district-city" : {
    "transaction" : "api/areas/district-city",
    "sampleCount" : 59,
    "errorCount" : 0,
    "errorPct" : 0.0,
    "meanResTime" : 578.6440677966102,
    "medianResTime" : 468.0,
    "minResTime" : 209.0,
    "maxResTime" : 1125.0,
    "pct1ResTime" : 949.0,
    "pct2ResTime" : 1106.0,
    "pct3ResTime" : 1125.0,
    "throughput" : 1.1545310451441206,
    "receivedKBytesPerSec" : 2.7040784971038883,
    "sentKBytesPerSec" : 0.7621708852709234
  },
  "Total" : {
    "transaction" : "Total",
    "sampleCount" : 621,
    "errorCount" : 1,
    "errorPct" : 0.16103059,
    "meanResTime" : 914.2834138486309,
    "medianResTime" : 721.0,
    "minResTime" : 205.0,
    "maxResTime" : 7436.0,
    "pct1ResTime" : 1710.8000000000004,
    "pct2ResTime" : 2221.2,
    "pct3ResTime" : 4978.479999999996,
    "throughput" : 6.22300608271287,
    "receivedKBytesPerSec" : 553.8451633445151,
    "sentKBytesPerSec" : 4.31889954692808
  },
  "api/occupations" : {
    "transaction" : "api/occupations",
    "sampleCount" : 57,
    "errorCount" : 0,
    "errorPct" : 0.0,
    "meanResTime" : 536.4035087719298,
    "medianResTime" : 444.0,
    "minResTime" : 205.0,
    "maxResTime" : 1641.0,
    "pct1ResTime" : 866.8000000000001,
    "pct2ResTime" : 1191.199999999999,
    "pct3ResTime" : 1641.0,
    "throughput" : 1.2285806660200453,
    "receivedKBytesPerSec" : 2.862373201584222,
    "sentKBytesPerSec" : 0.8014569188490138
  },
  "api/country" : {
    "transaction" : "api/country",
    "sampleCount" : 57,
    "errorCount" : 0,
    "errorPct" : 0.0,
    "meanResTime" : 518.8947368421053,
    "medianResTime" : 454.0,
    "minResTime" : 206.0,
    "maxResTime" : 1113.0,
    "pct1ResTime" : 849.6000000000001,
    "pct2ResTime" : 929.2999999999998,
    "pct3ResTime" : 1113.0,
    "throughput" : 1.2484394506866416,
    "receivedKBytesPerSec" : 11.63704360777099,
    "sentKBytesPerSec" : 0.8095349563046192
  },
  "api/cases-summary" : {
    "transaction" : "api/cases-summary",
    "sampleCount" : 57,
    "errorCount" : 0,
    "errorPct" : 0.0,
    "meanResTime" : 494.56140350877206,
    "medianResTime" : 454.0,
    "minResTime" : 221.0,
    "maxResTime" : 1115.0,
    "pct1ResTime" : 863.2,
    "pct2ResTime" : 905.0999999999998,
    "pct3ResTime" : 1115.0,
    "throughput" : 1.259362364949957,
    "receivedKBytesPerSec" : 1.3763919268244182,
    "sentKBytesPerSec" : 0.9691186949028965
  },
  "api/map?kode_kab=32.17" : {
    "transaction" : "api/map?kode_kab=32.17",
    "sampleCount" : 56,
    "errorCount" : 0,
    "errorPct" : 0.0,
    "meanResTime" : 1209.392857142857,
    "medianResTime" : 1124.5,
    "minResTime" : 476.0,
    "maxResTime" : 2588.0,
    "pct1ResTime" : 2213.3,
    "pct2ResTime" : 2395.25,
    "pct3ResTime" : 2588.0,
    "throughput" : 1.2486343062275638,
    "receivedKBytesPerSec" : 711.6256163041539,
    "sentKBytesPerSec" : 0.8413649133759951
  },
  "api/areas/sub-district/32.17" : {
    "transaction" : "api/areas/sub-district/32.17",
    "sampleCount" : 59,
    "errorCount" : 0,
    "errorPct" : 0.0,
    "meanResTime" : 622.2881355932204,
    "medianResTime" : 559.0,
    "minResTime" : 208.0,
    "maxResTime" : 1507.0,
    "pct1ResTime" : 898.0,
    "pct2ResTime" : 1065.0,
    "pct3ResTime" : 1507.0,
    "throughput" : 1.1384466956102268,
    "receivedKBytesPerSec" : 2.8121608176555717,
    "sentKBytesPerSec" : 0.757111523154848
  },
  "api/cases" : {
    "transaction" : "api/cases",
    "sampleCount" : 58,
    "errorCount" : 0,
    "errorPct" : 0.0,
    "meanResTime" : 2116.4827586206893,
    "medianResTime" : 1758.0,
    "minResTime" : 1003.0,
    "maxResTime" : 5267.0,
    "pct1ResTime" : 4618.700000000001,
    "pct2ResTime" : 5027.349999999999,
    "pct3ResTime" : 5267.0,
    "throughput" : 1.1600464018560743,
    "receivedKBytesPerSec" : 237.39801154546183,
    "sentKBytesPerSec" : 0.975390578123125
  },
  "api/users/info" : {
    "transaction" : "api/users/info",
    "sampleCount" : 60,
    "errorCount" : 0,
    "errorPct" : 0.0,
    "meanResTime" : 643.5,
    "medianResTime" : 491.5,
    "minResTime" : 219.0,
    "maxResTime" : 1930.0,
    "pct1ResTime" : 978.8,
    "pct2ResTime" : 1055.85,
    "pct3ResTime" : 1930.0,
    "throughput" : 1.130859264564525,
    "receivedKBytesPerSec" : 1.9344245928906647,
    "sentKBytesPerSec" : 0.736604618617713
  },
  "LOAD TEST ENDPOINT STAGING" : {
    "transaction" : "LOAD TEST ENDPOINT STAGING",
    "sampleCount" : 56,
    "errorCount" : 0,
    "errorPct" : 0.0,
    "meanResTime" : 9410.142857142857,
    "medianResTime" : 9247.5,
    "minResTime" : 4597.0,
    "maxResTime" : 20212.0,
    "pct1ResTime" : 14817.9,
    "pct2ResTime" : 16105.599999999997,
    "pct3ResTime" : 20212.0,
    "throughput" : 0.9243059452678837,
    "receivedKBytesPerSec" : 897.7713659354059,
    "sentKBytesPerSec" : 6.409664567721916
  },
  "api/login" : {
    "transaction" : "api/login",
    "sampleCount" : 100,
    "errorCount" : 1,
    "errorPct" : 1.0,
    "meanResTime" : 1164.4300000000003,
    "medianResTime" : 792.0,
    "minResTime" : 473.0,
    "maxResTime" : 7436.0,
    "pct1ResTime" : 1890.9,
    "pct2ResTime" : 3455.44999999999,
    "pct3ResTime" : 7426.409999999995,
    "throughput" : 1.0020943772484494,
    "receivedKBytesPerSec" : 1.8741024209347537,
    "sentKBytesPerSec" : 0.7055762167930976
  }
}