{
  "api/areas/hospital" : {
    "transaction" : "api/areas/hospital",
    "sampleCount" : 100,
    "errorCount" : 0,
    "errorPct" : 0.0,
    "meanResTime" : 1031.66,
    "medianResTime" : 957.5,
    "minResTime" : 457.0,
    "maxResTime" : 1962.0,
    "pct1ResTime" : 1497.6000000000001,
    "pct2ResTime" : 1722.3499999999997,
    "pct3ResTime" : 1960.309999999999,
    "throughput" : 1.0028883183568678,
    "receivedKBytesPerSec" : 176.0857891822198,
    "sentKBytesPerSec" : 0.6708774395258343
  },
  "api/areas/district-city" : {
    "transaction" : "api/areas/district-city",
    "sampleCount" : 100,
    "errorCount" : 0,
    "errorPct" : 0.0,
    "meanResTime" : 546.55,
    "medianResTime" : 449.5,
    "minResTime" : 217.0,
    "maxResTime" : 1847.0,
    "pct1ResTime" : 854.8,
    "pct2ResTime" : 921.8999999999995,
    "pct3ResTime" : 1844.7399999999989,
    "throughput" : 1.0082474642576273,
    "receivedKBytesPerSec" : 2.359948913361295,
    "sentKBytesPerSec" : 0.6656008650763243
  },
  "Total" : {
    "transaction" : "Total",
    "sampleCount" : 1000,
    "errorCount" : 1,
    "errorPct" : 0.1,
    "meanResTime" : 788.0750000000003,
    "medianResTime" : 616.5,
    "minResTime" : 203.0,
    "maxResTime" : 3082.0,
    "pct1ResTime" : 1463.3999999999999,
    "pct2ResTime" : 1744.0,
    "pct3ResTime" : 2346.100000000001,
    "throughput" : 9.397701322256575,
    "receivedKBytesPerSec" : 912.7842841359753,
    "sentKBytesPerSec" : 6.516902059506244
  },
  "api/occupations" : {
    "transaction" : "api/occupations",
    "sampleCount" : 100,
    "errorCount" : 0,
    "errorPct" : 0.0,
    "meanResTime" : 510.1,
    "medianResTime" : 453.5,
    "minResTime" : 203.0,
    "maxResTime" : 1006.0,
    "pct1ResTime" : 842.2,
    "pct2ResTime" : 878.8,
    "pct3ResTime" : 1005.3099999999996,
    "throughput" : 1.005580974407964,
    "receivedKBytesPerSec" : 2.3428072678364926,
    "sentKBytesPerSec" : 0.6559844637739455
  },
  "api/country" : {
    "transaction" : "api/country",
    "sampleCount" : 100,
    "errorCount" : 0,
    "errorPct" : 0.0,
    "meanResTime" : 487.15000000000003,
    "medianResTime" : 425.0,
    "minResTime" : 212.0,
    "maxResTime" : 1392.0,
    "pct1ResTime" : 823.5,
    "pct2ResTime" : 876.4499999999996,
    "pct3ResTime" : 1388.149999999998,
    "throughput" : 1.0057225613742193,
    "receivedKBytesPerSec" : 9.375956615014433,
    "sentKBytesPerSec" : 0.6521482233910953
  },
  "api/cases-summary" : {
    "transaction" : "api/cases-summary",
    "sampleCount" : 100,
    "errorCount" : 0,
    "errorPct" : 0.0,
    "meanResTime" : 464.96999999999997,
    "medianResTime" : 432.0,
    "minResTime" : 208.0,
    "maxResTime" : 905.0,
    "pct1ResTime" : 802.4000000000001,
    "pct2ResTime" : 829.8,
    "pct3ResTime" : 904.7099999999998,
    "throughput" : 1.0047322890815742,
    "receivedKBytesPerSec" : 1.0980624993720423,
    "sentKBytesPerSec" : 0.7731728943323052
  },
  "api/map?kode_kab=32.17" : {
    "transaction" : "api/map?kode_kab=32.17",
    "sampleCount" : 100,
    "errorCount" : 0,
    "errorPct" : 0.0,
    "meanResTime" : 1124.8900000000006,
    "medianResTime" : 1119.0,
    "minResTime" : 469.0,
    "maxResTime" : 2849.0,
    "pct1ResTime" : 1670.7000000000003,
    "pct2ResTime" : 2087.4999999999986,
    "pct3ResTime" : 2847.029999999999,
    "throughput" : 0.9938283260949503,
    "receivedKBytesPerSec" : 566.4059879554219,
    "sentKBytesPerSec" : 0.669669477544449
  },
  "api/areas/sub-district/32.17" : {
    "transaction" : "api/areas/sub-district/32.17",
    "sampleCount" : 100,
    "errorCount" : 0,
    "errorPct" : 0.0,
    "meanResTime" : 555.7100000000002,
    "medianResTime" : 465.5,
    "minResTime" : 215.0,
    "maxResTime" : 1036.0,
    "pct1ResTime" : 849.6,
    "pct2ResTime" : 919.2999999999994,
    "pct3ResTime" : 1035.2399999999996,
    "throughput" : 1.0082271334086141,
    "receivedKBytesPerSec" : 2.490202867902081,
    "sentKBytesPerSec" : 0.6705104275891273
  },
  "api/cases" : {
    "transaction" : "api/cases",
    "sampleCount" : 100,
    "errorCount" : 0,
    "errorPct" : 0.0,
    "meanResTime" : 1595.4599999999996,
    "medianResTime" : 1551.5,
    "minResTime" : 910.0,
    "maxResTime" : 3082.0,
    "pct1ResTime" : 2115.3,
    "pct2ResTime" : 2399.7999999999993,
    "pct3ResTime" : 3076.9699999999975,
    "throughput" : 0.9936900680677697,
    "receivedKBytesPerSec" : 203.35426681199382,
    "sentKBytesPerSec" : 0.8355147935608883
  },
  "api/users/info" : {
    "transaction" : "api/users/info",
    "sampleCount" : 100,
    "errorCount" : 1,
    "errorPct" : 1.0,
    "meanResTime" : 547.7799999999999,
    "medianResTime" : 447.5,
    "minResTime" : 208.0,
    "maxResTime" : 1796.0,
    "pct1ResTime" : 856.5,
    "pct2ResTime" : 885.4999999999999,
    "pct3ResTime" : 1795.4799999999998,
    "throughput" : 1.0087153001936735,
    "receivedKBytesPerSec" : 1.719534512563549,
    "sentKBytesPerSec" : 0.6570440480753712
  },
  "LOAD TEST ENDPOINT STAGING" : {
    "transaction" : "LOAD TEST ENDPOINT STAGING",
    "sampleCount" : 100,
    "errorCount" : 1,
    "errorPct" : 1.0,
    "meanResTime" : 7880.749999999997,
    "medianResTime" : 8035.0,
    "minResTime" : 4647.0,
    "maxResTime" : 12332.0,
    "pct1ResTime" : 10655.4,
    "pct2ResTime" : 10948.85,
    "pct3ResTime" : 12329.929999999998,
    "throughput" : 0.9388437200743565,
    "receivedKBytesPerSec" : 911.8844742533846,
    "sentKBytesPerSec" : 6.510477789304693
  },
  "api/login" : {
    "transaction" : "api/login",
    "sampleCount" : 100,
    "errorCount" : 0,
    "errorPct" : 0.0,
    "meanResTime" : 1016.48,
    "medianResTime" : 943.5,
    "minResTime" : 523.0,
    "maxResTime" : 1882.0,
    "pct1ResTime" : 1364.4,
    "pct2ResTime" : 1494.4999999999995,
    "pct3ResTime" : 1880.7499999999993,
    "throughput" : 1.0018433918409875,
    "receivedKBytesPerSec" : 1.8799826054941091,
    "sentKBytesPerSec" : 0.705399497575539
  }
}